Frame,Joint,X,Y
26,0,59,102
26,1,58,96
26,2,58,95
26,3,58,95
26,4,58,95
26,5,57,95
26,6,57,94
26,7,53,94
26,8,52,93
26,9,56,106
26,10,56,106
26,11,46,121
26,12,44,118
26,13,44,167
26,14,47,163
26,15,49,199
26,16,48,204
26,17,48,211
26,18,48,215
26,19,50,212
26,20,49,215
26,21,49,209
26,22,49,211
26,23,52,197
26,24,51,198
26,25,61,254
26,26,64,258
26,27,63,309
26,28,68,318
26,29,61,319
26,30,65,327
26,31,76,319
26,32,83,325
27,0,60,102
27,1,60,96
27,2,60,95
27,3,60,95
27,4,60,95
27,5,59,95
27,6,59,94
27,7,55,94
27,8,54,93
27,9,58,106
27,10,58,106
27,11,47,121
27,12,44,121
27,13,48,166
27,14,46,168
27,15,50,201
27,16,48,212
27,17,51,212
27,18,48,223
27,19,52,212
27,20,50,223
27,21,52,209
27,22,50,219
27,23,53,203
27,24,51,205
27,25,63,254
27,26,64,259
27,27,68,311
27,28,70,317
27,29,64,319
27,30,67,327
27,31,81,319
27,32,85,323
28,0,63,102
28,1,63,96
28,2,63,96
28,3,62,95
28,4,62,96
28,5,62,95
28,6,61,95
28,7,58,94
28,8,57,93
28,9,60,106
28,10,60,106
28,11,48,121
28,12,44,122
28,13,49,166
28,14,46,171
28,15,52,203
28,16,48,213
28,17,53,214
28,18,49,225
28,19,53,214
28,20,50,224
28,22,50,221
28,23,53,205
28,24,51,206
28,25,65,255
28,26,64,260
28,27,70,314
28,28,74,316
28,29,67,321
28,30,71,327
28,31,86,318
28,32,91,321
29,0,65,104
29,1,66,98
29,2,66,98
29,3,65,97
29,4,65,98
29,5,65,97
29,6,64,96
29,7,61,95
29,8,59,94
29,9,63,108
29,10,62,108
29,11,51,121
29,12,45,122
29,13,51,167
29,14,46,173
29,15,54,205
29,16,49,215
29,18,50,227
29,20,52,226
29,22,52,223
29,23,57,206
29,24,53,208
29,25,67,256
29,26,67,261
29,27,74,313
29,28,80,316
29,29,72,321
29,30,78,327
29,31,88,318
29,32,94,321
30,0,68,104
30,1,68,99
30,2,68,98
30,3,68,98
30,4,67,98
30,5,67,97
30,6,66,97
30,7,64,96
30,8,62,95
30,9,66,108
30,10,65,108
30,11,55,122
30,12,47,122
30,13,54,167
30,14,46,172
30,16,50,215
30,18,50,226
30,20,53,226
30,22,53,222
30,23,59,206
30,24,53,208
30,25,69,256
30,26,69,261
30,27,73,316
30,28,79,316
30,29,71,321
30,30,77,327
30,31,88,319
30,32,94,322
31,0,70,105
31,1,70,99
31,2,70,99
31,3,70,98
31,4,70,98
31,5,69,98
31,6,69,97
31,7,66,97
31,8,64,95
31,9,68,109
31,10,68,108
31,11,59,122
31,12,49,122
31,14,48,171
31,16,52,214
31,18,52,226
31,20,54,225
31,22,54,222
31,23,61,206
31,24,55,207
31,25,71,256
31,26,70,261
31,27,76,315
31,28,80,317
31,29,73,322
31,30,77,328
31,31,90,321
31,32,95,324
32,0,73,104
32,1,73,99
32,2,73,99
32,3,73,98
32,4,72,98
32,5,71,98
32,6,71,97
32,7,69,97
32,8,66,95
32,9,71,109
32,10,70,108
32,11,62,122
32,12,50,121
32,14,49,171
32,16,53,215
32,18,53,227
32,20,55,226
32,22,56,222
32,23,64,206
32,24,57,208
32,25,72,257
32,26,70,261
32,27,77,314
32,28,78,317
32,29,74,323
32,30,76,328
32,31,90,322
32,32,93,326
33,0,74,104
33,1,75,99
33,2,75,98
33,3,74,98
33,4,74,98
33,5,74,98
33,6,73,97
33,7,71,97
33,8,69,95
33,9,72,109
33,10,72,108
33,11,61,122
33,12,54,120
33,14,51,170
33,16,56,216
33,18,56,227
33,20,58,226
33,22,59,222
33,23,65,206
33,24,61,207
33,25,73,257
33,26,71,261
33,27,76,315
33,28,77,317
33,29,72,324
33,30,75,329
33,31,89,324
33,32,92,327
34,0,76,103
34,1,77,98
34,2,77,98
34,3,76,97
34,4,76,97
34,5,76,97
34,6,75,96
34,7,73,96
34,8,71,94
34,9,74,107
34,10,73,106
34,11,65,122
34,12,56,118
34,14,55,169
34,16,60,213
34,18,58,226
34,20,62,225
34,22,61,221
34,23,68,206
34,24,63,207
34,25,73,257
34,26,72,261
34,27,74,316
34,28,77,317
34,29,72,324
34,30,74,329
34,31,88,324
34,32,91,327
35,0,79,102
35,1,79,97
35,2,79,97
35,3,78,96
35,4,78,96
35,5,77,96
35,6,77,95
35,7,74,95
35,8,73,94
35,9,76,106
35,10,76,105
35,11,67,122
35,12,58,117
35,14,57,167
35,16,61,210
35,18,60,225
35,20,64,222
35,22,63,218
35,23,68,206
35,24,66,207
35,25,71,258
35,26,74,261
35,27,69,316
35,28,79,318
35,29,66,325
35,30,75,331
35,31,81,326
35,32,92,327
36,0,80,101
36,1,80,95
36,2,80,95
36,3,80,95
36,4,80,95
36,5,79,95
36,6,79,94
36,7,76,94
36,8,75,93
36,9,78,105
36,10,78,104
36,11,66,120
36,12,61,116
36,14,61,166
36,16,69,201
36,18,68,212
36,20,70,210
36,22,69,206
36,23,68,205
36,24,68,206
36,25,71,257
36,26,77,259
36,27,64,309
36,28,80,318
36,29,60,319
36,30,77,330
36,31,74,317
36,32,93,327
37,0,82,100
37,1,82,94
37,2,82,94
37,3,82,94
37,4,82,94
37,5,81,93
37,6,81,93
37,7,78,93
37,8,77,92
37,9,80,104
37,10,80,103
37,11,70,119
37,12,63,116
37,14,64,165
37,16,69,203
37,18,70,215
37,20,71,213
37,22,71,209
37,23,72,204
37,24,69,205
37,25,74,257
37,26,77,258
37,27,68,309
37,28,79,315
37,29,64,319
37,30,76,327
37,31,74,318
37,32,90,327
38,0,84,99
38,1,84,94
38,2,84,93
38,3,84,93
38,4,84,93
38,5,83,92
38,6,82,92
38,7,80,92
38,8,78,91
38,9,82,103
38,10,82,103
38,11,75,119
38,12,64,115
38,14,65,164
38,16,69,203
38,18,69,215
38,20,71,214
38,22,71,210
38,23,76,203
38,24,70,204
38,25,78,257
38,26,77,258
38,27,76,312
38,28,68,315
38,29,71,319
38,30,63,324
38,31,87,324
38,32,77,330
39,0,87,99
39,1,87,93
39,2,87,93
39,3,86,93
39,4,86,93
39,5,86,92
39,6,85,91
39,7,83,92
39,8,81,90
39,9,84,103
39,10,84,102
39,11,78,119
39,12,65,116
39,14,65,163
39,16,70,204
39,18,71,216
39,20,73,215
39,22,72,211
39,23,78,203
39,24,71,204
39,25,81,258
39,26,79,259
39,27,77,315
39,28,62,314
39,29,72,323
39,30,56,322
39,31,91,328
39,32,70,332
40,0,89,99
40,1,89,93
40,2,89,93
40,3,89,93
40,4,88,92
40,5,87,92
40,6,87,91
40,7,85,92
40,8,83,90
40,9,87,103
40,10,86,102
40,11,81,119
40,12,66,116
40,14,67,163
40,15,87,195
40,16,72,205
40,17,89,209
40,18,74,217
40,19,88,209
40,20,76,215
40,21,87,205
40,22,76,212
40,23,82,204
40,24,73,204
40,25,86,260
40,26,80,259
40,27,79,316
40,28,64,313
40,29,76,325
40,30,59,320
40,31,93,331
40,32,71,334
41,0,90,98
41,1,90,93
41,2,90,93
41,3,90,92
41,4,90,92
41,5,89,92
41,6,88,91
41,7,86,92
41,8,84,90
41,9,88,103
41,10,87,102
41,11,81,120
41,12,68,116
41,14,69,162
41,15,89,197
41,16,75,206
41,17,91,210
41,18,76,217
41,19,91,210
41,20,78,216
41,21,90,206
41,22,78,212
41,23,83,203
41,24,74,202
41,25,88,261
41,26,83,260
41,27,80,317
41,28,66,315
41,29,75,327
41,30,61,321
41,31,92,333
41,32,75,336
42,0,92,98
42,1,92,93
42,2,92,92
42,3,92,92
42,4,92,92
42,5,91,92
42,6,90,91
42,7,88,91
42,8,86,90
42,9,90,103
42,10,89,102
42,11,83,120
42,12,70,116
42,13,88,161
42,14,71,162
42,15,94,198
42,16,77,206
42,17,96,211
42,18,79,217
42,19,95,211
42,20,81,216
42,21,94,207
42,22,81,212
42,23,85,203
42,24,78,202
42,25,89,262
42,26,85,262
42,27,80,317
42,28,76,319
42,29,75,326
42,30,71,326
42,31,92,331
42,32,87,336
43,0,94,98
43,1,94,93
43,2,94,92
43,3,94,92
43,4,93,92
43,5,92,91
43,6,92,91
43,7,90,91
43,8,87,90
43,9,92,103
43,10,91,102
43,11,85,120
43,12,73,116
43,13,91,162
43,14,74,162
43,15,98,200
43,16,81,209
43,17,100,213
43,18,83,219
43,19,99,214
43,20,85,218
43,21,98,209
43,22,84,215
43,23,88,204
43,24,81,204
43,25,90,263
43,26,88,264
43,27,81,316
43,28,80,320
43,29,77,325
43,30,77,328
43,31,92,331
43,32,93,336
44,0,96,98
44,1,96,92
44,2,95,92
44,3,95,92
44,4,95,92
44,5,94,91
44,6,93,91
44,7,91,91
44,8,89,90
44,9,94,103
44,10,93,102
44,11,89,120
44,12,74,116
44,13,94,161
44,14,74,162
44,15,101,199
44,16,81,209
44,17,104,210
44,18,83,219
44,19,104,210
44,20,85,218
44,21,102,206
44,22,85,214
44,23,92,204
44,24,83,204
44,25,93,263
44,26,90,264
44,27,85,317
44,28,85,321
44,29,81,326
44,30,81,329
44,31,97,332
44,32,96,336
45,0,98,98
45,1,98,92
45,2,97,92
45,3,97,92
45,4,97,92
45,5,96,91
45,6,96,91
45,7,93,91
45,8,91,90
45,9,95,103
45,10,95,102
45,11,88,120
45,12,77,116
45,13,94,161
45,14,77,162
45,15,104,198
45,16,83,209
45,17,107,209
45,18,85,219
45,19,107,209
45,20,87,218
45,21,106,205
45,22,88,215
45,23,91,204
45,24,86,204
45,25,89,263
45,26,95,265
45,27,82,317
45,28,96,323
45,29,79,325
45,30,93,332
45,31,95,327
45,32,109,336
46,0,99,98
46,1,99,92
46,2,99,92
46,3,99,92
46,4,99,92
46,5,98,91
46,6,97,91
46,7,95,91
46,8,93,90
46,9,97,103
46,10,96,102
46,11,90,120
46,12,79,117
46,13,95,161
46,14,79,165
46,15,108,197
46,16,85,210
46,17,111,208
46,18,87,220
46,19,111,208
46,20,90,219
46,21,110,204
46,22,90,215
46,23,93,204
46,24,89,204
46,25,90,263
46,26,98,265
46,27,81,314
46,28,103,325
46,29,78,323
46,30,101,333
46,31,95,329
46,32,117,336
47,0,102,99
47,1,102,93
47,2,102,93
47,3,102,92
47,4,101,93
47,5,101,92
47,6,100,91
47,7,97,92
47,8,95,90
47,9,100,104
47,10,99,103
47,11,90,120
47,12,83,118
47,13,96,162
47,14,81,167
47,15,110,197
47,16,88,210
47,17,114,208
47,18,89,221
47,19,114,208
47,20,92,219
47,21,112,205
47,22,92,216
47,23,93,205
47,24,90,205
47,25,90,263
47,26,101,265
47,27,81,315
47,28,110,325
47,29,77,324
47,30,108,334
47,31,94,327
47,32,123,336
48,0,105,99
48,1,104,93
48,2,104,93
48,3,104,93
48,4,104,93
48,5,103,93
48,6,103,92
48,7,100,92
48,8,98,91
48,9,102,104
48,10,102,104
48,11,93,120
48,12,85,118
48,13,101,163
48,14,84,168
48,15,113,198
48,16,90,213
48,17,117,208
48,18,91,223
48,19,117,208
48,20,94,222
48,21,115,205
48,22,94,218
48,23,97,207
48,24,93,207
48,25,90,263
48,26,103,266
48,27,81,316
48,28,114,325
48,29,77,325
48,30,112,335
48,31,94,326
48,32,128,335
49,0,107,100
49,1,106,94
49,2,106,94
49,3,106,93
49,4,106,94
49,5,105,93
49,6,105,93
49,7,102,93
49,8,100,92
49,9,104,105
49,10,104,105
49,11,95,120
49,12,88,119
49,13,103,163
49,14,86,169
49,15,113,198
49,16,93,213
49,17,118,208
49,18,93,224
49,19,117,208
49,20,96,223
49,21,115,205
49,22,97,219
49,23,100,208
49,24,97,209
49,25,92,264
49,26,106,268
49,27,81,316
49,28,115,325
49,29,78,325
49,30,114,335
49,31,94,326
49,32,129,335
50,0,109,100
50,1,109,94
50,2,109,94
50,3,108,93
50,4,108,94
50,5,108,94
50,6,107,93
50,7,104,93
50,8,103,92
50,9,107,105
50,10,106,105
50,11,97,121
50,12,92,119
50,13,104,163
50,14,91,168
50,15,115,197
50,16,96,213
50,17,118,206
50,18,96,224
50,19,118,207
50,20,99,223
50,21,116,204
50,22,100,218
50,23,101,208
50,24,100,209
50,25,95,264
50,26,108,267
50,27,81,315
50,28,116,325
50,29,78,324
50,30,113,335
50,31,94,326
50,32,129,335
51,0,111,100
51,1,111,94
51,2,111,94
51,3,111,93
51,4,110,94
51,5,110,94
51,6,109,93
51,7,106,93
51,8,105,92
51,9,109,105
51,10,108,105
51,11,100,121
51,12,94,119
51,13,106,163
51,14,96,167
51,15,116,195
51,16,100,210
51,17,119,205
51,18,100,221
51,19,119,205
51,20,103,219
51,21,118,202
51,22,103,215
51,23,103,208
51,24,101,209
51,25,98,263
51,26,109,266
51,27,81,315
51,28,116,325
51,29,79,324
51,30,114,335
51,31,94,326
51,32,129,335
52,0,113,100
52,1,113,94
52,2,113,94
52,3,113,93
52,4,113,94
52,5,112,93
52,6,111,93
52,7,108,93
52,8,107,92
52,9,111,104
52,10,111,104
52,11,103,120
52,12,95,119
52,13,109,162
52,14,95,167
52,15,117,194
52,16,99,211
52,17,120,205
52,18,99,222
52,19,120,205
52,20,101,221
52,21,119,202
52,22,102,216
52,23,106,208
52,24,103,208
52,25,100,263
52,26,111,265
52,27,83,315
52,28,118,325
52,29,80,323
52,30,115,335
52,31,93,327
52,32,129,335
53,0,115,100
53,1,115,94
53,2,115,94
53,3,115,93
53,4,115,94
53,5,114,93
53,6,114,93
53,7,111,92
53,8,110,92
53,9,113,104
53,10,113,104
53,11,103,120
53,12,99,119
53,13,110,161
53,14,99,166
53,15,116,194
53,16,104,210
53,17,119,204
53,18,105,221
53,19,119,205
53,20,106,220
53,21,118,202
53,22,106,216
53,23,107,208
53,24,105,208
53,25,104,262
53,26,113,265
53,27,86,311
53,28,118,325
53,29,82,319
53,30,116,337
53,31,93,327
53,32,131,335
54,0,118,99
54,1,117,93
54,2,117,92
54,3,117,92
54,4,117,92
54,5,117,92
54,6,116,91
54,7,113,90
54,8,112,90
54,9,116,102
54,10,115,102
54,11,105,118
54,12,101,117
54,13,110,158
54,14,103,160
54,15,115,194
54,16,107,205
54,17,118,204
54,18,106,216
54,19,118,205
54,20,109,216
54,21,117,202
54,22,110,211
54,23,110,205
54,24,107,205
54,25,109,260
54,26,112,264
54,27,91,306
54,28,118,325
54,29,86,314
54,30,115,337
54,31,96,327
54,32,129,335
55,0,120,98
55,1,120,92
55,2,120,91
55,3,119,91
55,4,119,92
55,5,119,91
55,6,118,90
55,7,115,90
55,8,114,89
55,9,118,102
55,10,118,102
55,11,109,118
55,12,101,116
55,13,111,158
55,14,102,160
55,15,117,195
55,16,106,206
55,17,119,206
55,18,107,217
55,19,120,206
55,20,109,217
55,21,119,203
55,22,109,211
55,23,113,205
55,24,109,205
55,25,112,260
55,26,114,264
55,27,94,305
55,28,117,324
55,29,89,312
55,30,112,337
55,31,98,327
55,32,127,335
56,0,123,98
56,1,122,91
56,2,122,91
56,3,122,90
56,4,122,91
56,5,121,90
56,6,121,90
56,7,117,89
56,8,116,89
56,9,120,102
56,10,120,102
56,11,110,118
56,12,103,117
56,13,111,159
56,14,103,161
56,15,117,197
56,16,108,207
56,17,120,208
56,18,109,218
56,19,120,208
56,20,111,219
56,21,119,205
56,22,110,214
56,23,114,206
56,24,110,206
56,25,115,260
56,26,117,265
56,27,96,306
56,28,117,324
56,29,91,310
56,30,112,337
56,31,103,327
56,32,129,336
57,0,125,97
57,1,125,91
57,2,124,90
57,3,124,90
57,4,124,91
57,5,124,90
57,6,123,89
57,7,120,89
57,8,119,88
57,9,122,101
57,10,122,101
57,11,109,117
57,12,106,116
57,13,111,160
57,14,107,161
57,15,117,197
57,16,112,207
57,17,119,208
57,18,113,218
57,19,119,208
57,20,114,219
57,21,118,205
57,22,114,214
57,23,114,205
57,24,113,205
57,25,117,259
57,26,120,265
57,27,102,305
57,28,118,324
57,29,96,309
57,30,114,337
57,31,109,326
57,32,129,336
58,0,127,97
58,1,127,90
58,2,127,90
58,3,126,90
58,4,127,90
58,5,126,90
58,6,126,89
58,7,122,88
58,8,121,88
58,9,125,101
58,10,124,101
58,11,109,116
58,12,109,116
58,13,110,159
58,14,108,161
58,15,116,197
58,16,115,207
58,17,119,207
58,18,113,218
58,19,120,207
58,20,117,217
58,21,118,205
58,22,116,213
58,23,114,205
58,24,115,205
58,25,118,259
58,26,123,264
58,27,110,306
58,28,117,323
58,29,104,311
58,30,113,333
58,31,116,326
58,32,128,337
59,0,129,97
59,1,129,90
59,2,129,90
59,3,129,89
59,4,129,90
59,5,128,89
59,6,128,89
59,7,124,88
59,8,123,88
59,9,127,101
59,10,127,101
59,11,112,115
59,12,111,115
59,13,113,160
59,14,111,160
59,15,119,197
59,16,118,206
59,17,121,207
59,18,119,217
59,19,122,207
59,20,121,216
59,21,122,205
59,22,120,213
59,23,118,204
59,24,116,204
59,25,125,259
59,26,124,263
59,27,113,305
59,28,118,322
59,29,107,311
59,30,114,332
59,31,119,324
59,32,129,337
60,0,131,96
60,1,131,90
60,2,131,90
60,3,130,89
60,4,130,90
60,5,130,89
60,6,129,89
60,7,126,88
60,8,125,88
60,9,129,100
60,10,128,100
60,11,115,115
60,12,113,114
60,13,115,160
60,14,110,160
60,15,122,198
60,16,117,206
60,17,125,209
60,18,119,218
60,19,126,211
60,20,121,217
60,21,124,206
60,22,120,214
60,23,120,204
60,24,117,204
60,25,126,261
60,26,122,263
60,27,118,310
60,28,119,322
60,29,115,320
60,30,115,332
60,31,126,326
60,32,129,337
61,0,133,95
61,1,133,89
61,2,133,88
61,3,132,88
61,4,132,88
61,5,131,88
61,6,130,88
61,7,128,88
61,8,126,87
61,9,131,99
61,10,130,99
61,11,126,114
61,12,114,114
61,13,126,159
61,14,112,160
61,15,129,198
61,16,119,207
61,17,131,209
61,18,121,218
61,19,132,210
61,20,122,218
61,21,131,206
61,22,122,214
61,23,126,203
61,24,118,204
61,25,133,255
61,26,122,261
61,27,124,309
61,28,119,320
61,29,120,319
61,30,117,329
61,31,131,326
61,32,129,336
62,0,136,94
62,1,135,88
62,2,135,88
62,3,135,87
62,4,134,88
62,5,134,88
62,6,133,87
62,7,130,87
62,8,128,87
62,9,134,98
62,10,133,98
62,11,123,114
62,12,115,114
62,13,123,160
62,14,116,159
62,15,130,198
62,16,121,208
62,17,132,209
62,18,123,219
62,19,133,211
62,20,125,218
62,21,131,206
62,22,124,215
62,23,127,203
62,24,120,203
62,25,132,255
62,26,123,260
62,27,128,311
62,28,121,319
62,29,123,321
62,30,119,329
62,31,139,327
62,32,132,336
63,0,139,94
63,1,138,87
63,2,138,87
63,3,137,87
63,4,137,87
63,5,137,87
63,6,136,87
63,7,133,87
63,8,131,87
63,9,137,98
63,10,136,98
63,11,128,114
63,12,119,114
63,14,119,159
63,15,132,198
63,16,123,208
63,17,134,210
63,18,126,219
63,19,134,211
63,20,127,218
63,21,133,207
63,22,126,215
63,23,131,204
63,24,123,205
63,25,140,256
63,26,125,261
63,27,135,313
63,28,121,320
63,29,131,323
63,30,119,330
63,31,149,327
63,32,131,335
64,0,141,93
64,1,140,87
64,2,140,87
64,3,140,87
64,4,140,87
64,5,139,87
64,6,138,86
64,7,135,87
64,8,134,87
64,9,139,98
64,10,139,97
64,11,133,114
64,12,121,114
64,14,122,162
64,15,136,199
64,16,128,209
64,17,138,212
64,18,130,221
64,19,138,212
64,20,132,220
64,21,138,208
64,22,131,216
64,23,135,204
64,24,125,205
64,25,142,256
64,26,127,262
64,27,143,313
64,28,121,320
64,29,139,324
64,30,118,329
64,31,157,327
64,32,129,335
65,0,143,93
65,1,143,87
65,2,142,87
65,3,142,87
65,4,142,87
65,5,141,87
65,6,141,86
65,7,138,87
65,8,136,87
65,9,141,98
65,10,141,98
65,11,134,114
65,12,124,114
65,14,125,163
65,15,138,204
65,16,132,211
65,17,140,214
65,18,134,222
65,19,141,214
65,20,136,222
65,21,140,211
65,22,136,217
65,23,135,204
65,24,128,205
65,25,143,256
65,26,131,261
65,27,148,315
65,28,121,318
65,29,145,327
65,30,119,327
65,31,162,327
65,32,131,335
66,0,146,94
66,1,145,87
66,2,145,87
66,3,144,87
66,4,145,87
66,5,144,87
66,6,144,87
66,7,140,87
66,8,139,87
66,9,144,98
66,10,143,98
66,11,131,117
66,12,127,114
66,14,125,163
66,15,136,203
66,16,134,211
66,17,139,214
66,18,136,222
66,19,139,214
66,20,137,222
66,21,138,211
66,22,137,217
66,23,133,205
66,24,130,205
66,25,139,259
66,26,140,261
66,27,134,321
66,28,153,318
66,29,138,331
66,30,152,329
66,31,148,333
66,32,166,327
67,0,148,95
67,1,148,89
67,2,147,88
67,3,147,88
67,4,147,88
67,5,147,88
67,6,146,88
67,7,142,88
67,8,142,88
67,9,146,99
67,10,145,99
67,11,129,118
67,12,130,115
67,14,131,165
67,15,135,209
67,16,139,212
67,17,137,217
67,18,141,224
67,19,139,217
67,20,142,223
67,21,138,213
67,22,142,219
67,23,131,208
67,24,133,208
67,25,134,263
67,26,145,260
67,27,126,327
67,28,158,318
67,29,131,336
67,30,156,331
67,31,136,337
67,32,171,324
68,0,150,95
68,1,150,89
68,2,149,88
68,3,149,88
68,4,150,89
68,5,149,88
68,6,149,88
68,7,144,88
68,8,144,88
68,9,148,100
68,10,148,99
68,11,132,118
68,12,133,115
68,14,134,165
68,15,139,209
68,16,141,212
68,17,140,216
68,18,143,224
68,19,143,217
68,20,144,223
68,21,141,213
68,22,144,219
68,23,134,208
68,24,135,207
68,25,136,267
68,26,146,260
68,27,124,326
68,28,159,319
68,29,130,335
68,30,157,333
68,31,138,339
68,32,171,325
69,0,153,95
69,1,153,89
69,2,152,88
69,3,152,88
69,4,152,89
69,5,152,88
69,6,151,88
69,7,147,88
69,8,146,88
69,9,150,100
69,10,150,99
69,11,134,118
69,12,134,114
69,14,129,159
69,15,144,207
69,16,138,204
69,17,146,215
69,18,138,217
69,19,147,216
69,20,141,216
69,21,145,211
69,22,141,212
69,23,138,207
69,24,135,207
69,25,141,267
69,26,141,260
69,27,135,324
69,28,158,321
69,29,133,333
69,30,155,335
69,31,139,339
69,32,168,327
70,0,155,95
70,1,155,88
70,2,155,88
70,3,154,88
70,4,155,88
70,5,154,88
70,6,154,88
70,7,149,87
70,8,149,87
70,9,153,99
70,10,152,99
70,11,137,118
70,12,137,114
70,14,138,160
70,15,144,206
70,16,145,205
70,17,147,215
70,18,147,218
70,19,148,215
70,20,148,216
70,21,147,211
70,22,147,212
70,23,140,207
70,24,138,206
70,25,148,265
70,26,139,260
70,27,159,323
70,28,124,323
70,29,156,334
70,30,118,334
70,31,170,334
70,32,135,338
71,0,158,94
71,1,157,88
71,2,157,87
71,3,157,87
71,4,157,88
71,5,157,87
71,6,156,87
71,7,152,87
71,8,151,86
71,9,155,99
71,10,155,99
71,11,140,118
71,12,139,114
71,14,139,158
71,15,147,204
71,16,146,205
71,17,150,215
71,18,148,218
71,19,150,215
71,20,149,216
71,21,149,211
71,22,148,212
71,23,143,206
71,24,140,206
71,25,151,263
71,26,139,261
71,27,159,322
71,28,122,323
71,29,157,333
71,30,116,332
71,31,172,333
71,32,133,341
72,0,160,94
72,1,160,87
72,2,159,87
72,3,159,86
72,4,159,87
72,5,159,87
72,6,158,86
72,7,154,86
72,8,153,85
72,9,157,98
72,10,157,98
72,11,141,117
72,12,141,113
72,14,142,157
72,15,147,203
72,16,150,204
72,17,150,214
72,18,152,217
72,19,151,214
72,20,153,215
72,21,151,209
72,22,152,211
72,23,147,205
72,24,143,205
72,25,152,263
72,26,142,262
72,27,159,322
72,28,123,322
72,29,156,333
72,30,117,329
72,31,173,333
72,32,131,341
73,0,163,92
73,1,163,86
73,2,162,86
73,3,162,85
73,4,162,86
73,5,162,85
73,6,162,85
73,7,157,85
73,8,156,84
73,9,160,97
73,10,160,97
73,11,144,115
73,12,143,111
73,14,142,154
73,15,153,200
73,16,149,199
73,17,155,212
73,18,151,213
73,19,155,212
73,20,152,211
73,21,154,208
73,22,151,207
73,23,150,204
73,24,146,204
73,25,156,262
73,26,145,262
73,27,159,322
73,28,125,318
73,29,156,333
73,30,119,322
73,31,173,333
73,32,131,341
74,0,165,92
74,1,165,85
74,2,165,85
74,3,164,85
74,4,165,85
74,5,165,85
74,6,164,84
74,7,159,84
74,8,159,83
74,9,162,96
74,10,162,96
74,11,146,113
74,12,145,111
74,14,144,154
74,15,155,199
74,16,153,200
74,17,157,211
74,18,154,213
74,19,158,211
74,20,155,211
74,21,157,207
74,22,154,207
74,23,153,203
74,24,149,203
74,25,159,262
74,26,149,262
74,27,159,322
74,28,126,315
74,29,157,332
74,30,121,318
74,31,174,333
74,32,133,341
75,0,168,90
75,1,167,83
75,2,167,83
75,3,167,83
75,4,167,83
75,5,167,83
75,6,166,83
75,7,161,83
75,8,161,82
75,9,165,95
75,10,165,95
75,11,149,113
75,12,147,110
75,14,143,154
75,15,156,197
75,16,152,200
75,17,157,209
75,18,155,213
75,19,159,208
75,20,156,211
75,21,158,204
75,22,155,207
75,23,155,202
75,24,152,202
75,25,161,261
75,26,153,262
75,27,160,322
75,28,129,314
75,29,158,332
75,30,123,318
75,31,175,333
75,32,134,341
76,0,170,89
76,1,169,83
76,2,169,82
76,3,169,82
76,4,169,83
76,5,169,82
76,6,168,82
76,7,163,83
76,8,163,82
76,9,168,94
76,10,167,94
76,11,154,113
76,12,149,110
76,14,145,155
76,16,154,200
76,18,155,213
76,19,160,208
76,20,157,212
76,21,159,204
76,22,157,208
76,23,157,202
76,24,154,201
76,25,162,261
76,26,159,261
76,27,158,321
76,28,136,313
76,29,154,331
76,30,128,319
76,31,173,333
76,32,141,341
77,0,172,89
77,1,172,82
77,2,171,82
77,3,171,82
77,4,171,82
77,5,171,82
77,6,170,82
77,7,165,82
77,8,165,82
77,9,170,94
77,10,170,94
77,11,155,113
77,12,152,110
77,14,150,154
77,16,159,199
77,18,161,213
77,20,162,211
77,22,161,208
77,23,158,202
77,24,157,201
77,25,166,261
77,26,164,261
77,27,158,317
77,28,143,314
77,29,153,327
77,30,136,319
77,31,170,333
77,32,148,340
78,0,175,88
78,1,174,81
78,2,174,81
78,3,173,81
78,4,174,81
78,5,173,81
78,6,172,81
78,7,168,82
78,8,167,82
78,9,172,93
78,10,172,93
78,11,156,113
78,12,155,110
78,14,153,155
78,16,161,200
78,18,163,213
78,20,164,211
78,22,163,208
78,23,160,202
78,24,160,201
78,25,168,259
78,26,167,260
78,27,157,312
78,28,150,315
78,29,152,321
78,30,144,321
78,31,168,332
78,32,161,338
79,0,177,88
79,1,176,81
79,2,176,81
79,3,175,81
79,4,176,81
79,5,175,81
79,6,175,81
79,7,170,81
79,8,169,81
79,9,174,93
79,10,173,93
79,11,159,112
79,12,156,110
79,14,156,155
79,16,162,200
79,18,164,213
79,20,166,212
79,22,165,208
79,23,163,201
79,24,161,200
79,25,169,257
79,26,169,257
79,27,161,311
79,28,158,316
79,29,155,319
79,30,152,321
79,31,170,331
79,32,168,337
80,0,179,88
80,1,178,81
80,2,178,81
80,3,178,81
80,4,178,81
80,5,177,81
80,6,177,80
80,7,172,81
80,8,171,81
80,9,176,93
80,10,175,93
80,11,164,112
80,12,157,109
80,14,157,154
80,16,164,199
80,18,165,212
80,20,167,211
80,22,167,207
80,23,169,201
80,24,163,201
80,25,172,258
80,26,168,258
80,27,161,312
80,28,161,320
80,29,157,320
80,30,156,329
80,31,171,331
80,32,174,338
81,0,181,88
81,1,180,81
81,2,180,81
81,3,180,81
81,4,180,81
81,5,180,81
81,6,179,81
81,7,175,81
81,8,174,81
81,9,178,94
81,10,178,93
81,11,165,113
81,12,161,109
81,14,160,154
81,16,165,200
81,18,167,212
81,20,169,210
81,22,169,207
81,23,171,203
81,24,167,202
81,25,172,261
81,26,175,260
81,27,163,316
81,28,166,319
81,29,159,326
81,30,161,329
81,31,174,336
81,32,179,337
82,0,183,88
82,1,183,82
82,2,183,81
82,3,182,81
82,4,182,81
82,5,182,81
82,6,181,81
82,7,177,81
82,8,176,81
82,9,181,94
82,10,180,93
82,11,166,113
82,12,165,110
82,14,166,159
82,16,176,197
82,18,178,207
82,20,179,206
82,22,178,203
82,23,172,205
82,24,172,205
82,25,171,261
82,26,179,261
82,27,163,318
82,28,178,320
82,29,158,328
82,30,174,331
82,31,175,336
82,32,192,337
83,0,186,88
83,1,185,82
83,2,185,81
83,3,184,81
83,4,185,81
83,5,184,81
83,6,184,81
83,7,179,81
83,8,179,81
83,9,183,94
83,10,183,93
83,11,168,113
83,12,169,111
83,14,169,160
83,16,181,198
83,18,184,207
83,20,183,206
83,22,183,203
83,23,175,206
83,24,174,208
83,25,172,262
83,26,181,261
83,27,163,319
83,28,187,322
83,29,158,329
83,30,185,334
83,31,179,337
83,32,201,337
84,0,188,89
84,1,187,82
84,2,187,81
84,3,186,81
84,4,187,82
84,5,186,81
84,6,186,81
84,7,182,82
84,8,181,81
84,9,185,94
84,10,185,93
84,11,172,113
84,12,170,111
84,14,169,161
84,16,180,202
84,18,181,214
84,20,183,208
84,22,183,205
84,23,177,208
84,24,175,209
84,25,176,263
84,26,182,266
84,27,162,319
84,28,184,325
84,29,159,329
84,30,181,336
84,31,185,339
84,32,206,337
85,0,191,89
85,1,190,82
85,2,189,82
85,3,189,81
85,4,189,82
85,5,189,81
85,6,188,81
85,7,184,82
85,8,183,81
85,9,188,94
85,10,188,94
85,11,178,114
85,12,170,111
85,14,169,160
85,16,177,202
85,18,177,215
85,20,180,211
85,22,179,207
85,23,182,208
85,24,176,208
85,25,177,263
85,26,181,264
85,27,162,319
85,28,202,325
85,29,160,329
85,30,200,336
85,31,181,339
85,32,214,336
86,0,194,89
86,1,193,82
86,2,193,82
86,3,192,82
86,4,193,82
86,5,192,81
86,6,191,81
86,7,187,82
86,8,186,82
86,9,191,94
86,10,191,94
86,11,181,116
86,12,174,112
86,14,174,162
86,16,180,208
86,18,179,219
86,20,181,218
86,22,182,214
86,23,184,208
86,24,180,209
86,25,174,265
86,26,195,266
86,27,162,320
86,28,208,328
86,29,159,329
86,30,206,338
86,31,174,335
86,32,221,337
87,0,196,89
87,1,195,82
87,2,195,82
87,3,194,82
87,4,195,82
87,5,194,82
87,6,194,82
87,7,190,82
87,8,189,82
87,9,194,94
87,10,193,94
87,11,183,117
87,12,178,113
87,14,176,162
87,16,181,209
87,18,181,221
87,20,184,219
87,22,184,215
87,23,186,209
87,24,183,210
87,25,175,265
87,26,196,265
87,27,162,320
87,28,209,327
87,29,158,329
87,30,208,337
87,31,173,334
87,32,220,337
88,0,199,89
88,1,198,82
88,2,198,82
88,3,197,82
88,4,197,82
88,5,197,82
88,6,196,82
88,7,192,83
88,8,191,82
88,9,196,94
88,10,195,94
88,11,188,118
88,12,179,113
88,14,177,165
88,16,182,214
88,18,182,225
88,20,185,225
88,22,186,220
88,23,190,210
88,24,186,210
88,25,177,266
88,26,199,265
88,27,162,320
88,28,210,327
88,29,158,329
88,30,207,336
88,31,173,334
88,32,222,337
89,0,201,89
89,1,200,82
89,2,200,82
89,3,199,82
89,4,200,82
89,5,199,82
89,6,199,82
89,7,195,82
89,8,194,82
89,9,199,94
89,10,198,94
89,11,189,118
89,12,183,113
89,14,179,164
89,16,186,211
89,18,185,225
89,20,189,224
89,22,189,217
89,23,192,209
89,24,191,210
89,25,182,265
89,26,199,265
89,27,163,319
89,28,210,327
89,29,159,328
89,30,207,337
89,31,174,334
89,32,223,338
90,0,204,87
90,1,203,81
90,2,203,81
90,3,202,80
90,4,203,81
90,5,202,81
90,6,202,80
90,7,198,81
90,8,197,81
90,9,202,92
90,10,202,92
90,11,189,115
90,12,186,113
90,14,183,164
90,16,188,210
90,18,189,223
90,20,192,221
90,22,192,216
90,23,193,208
90,24,194,209
90,25,184,265
90,26,201,265
90,27,164,317
90,28,210,327
90,29,160,324
90,30,207,338
90,31,174,334
90,32,225,338
91,0,207,86
91,1,206,80
91,2,206,80
91,3,205,80
91,4,206,80
91,5,205,80
91,6,204,79
91,7,200,80
91,8,200,80
91,9,205,91
91,10,204,91
91,11,190,114
91,12,189,113
91,14,187,163
91,16,193,210
91,18,193,222
91,20,195,221
91,22,195,216
91,23,197,208
91,24,196,208
91,25,194,265
91,26,201,263
91,27,170,310
91,28,210,327
91,29,164,318
91,30,207,338
91,31,191,338
91,32,222,338
92,0,209,86
92,1,209,80
92,2,208,79
92,3,208,79
92,4,208,80
92,5,208,79
92,6,207,79
92,7,203,79
92,8,202,79
92,9,207,90
92,10,207,90
92,11,191,111
92,12,192,111
92,14,189,161
92,16,198,207
92,18,198,219
92,20,200,218
92,22,200,214
92,23,199,202
92,24,197,202
92,25,199,262
92,26,202,260
92,27,192,318
92,28,196,326
92,29,187,327
92,30,190,336
92,31,205,338
92,32,209,340
93,0,212,86
93,1,211,79
93,2,211,79
93,3,210,78
93,4,211,79
93,5,210,79
93,6,210,78
93,7,205,78
93,8,205,78
93,9,209,90
93,10,209,90
93,11,193,110
93,12,196,110
93,14,195,161
93,16,201,206
93,18,203,212
93,20,204,211
93,22,203,208
93,23,201,202
93,24,201,202
93,25,202,262
93,26,204,260
93,27,181,309
93,28,207,328
93,29,176,315
93,30,203,339
93,31,193,330
93,32,220,340
94,0,215,84
94,1,214,78
94,2,214,77
94,3,213,77
94,4,214,78
94,5,213,77
94,6,213,77
94,7,208,76
94,8,208,76
94,9,212,89
94,10,212,89
94,11,193,109
94,12,199,109
94,14,199,159
94,16,203,207
94,18,205,213
94,20,207,211
94,22,207,209
94,23,203,201
94,24,203,202
94,25,206,259
94,26,210,259
94,27,190,309
94,28,207,328
94,29,185,317
94,30,202,341
94,31,195,327
94,32,222,339
95,0,217,83
95,1,217,76
95,2,216,76
95,3,216,75
95,4,216,76
95,5,216,76
95,6,215,75
95,7,211,75
95,8,211,75
95,9,215,88
95,10,215,87
95,11,199,107
95,12,199,106
95,14,197,158
95,16,201,204
95,18,204,213
95,20,206,211
95,22,204,209
95,23,205,200
95,24,205,201
95,25,208,258
95,26,211,259
95,27,192,306
95,28,208,328
95,29,187,311
95,30,204,340
95,31,200,326
95,32,221,339
96,0,220,82
96,1,219,75
96,2,219,75
96,3,219,75
96,4,219,75
96,5,219,75
96,6,218,75
96,7,213,75
96,8,213,75
96,9,218,87
96,10,218,87
96,11,200,107
96,12,203,106
96,14,202,156
96,16,206,203
96,18,210,213
96,20,212,212
96,22,210,209
96,23,207,200
96,24,208,201
96,25,209,256
96,26,214,257
96,27,200,307
96,28,208,327
96,29,194,313
96,30,203,340
96,31,211,324
96,32,221,339
97,0,223,82
97,1,222,75
97,2,222,75
97,3,221,74
97,4,222,75
97,5,221,75
97,6,221,75
97,7,216,75
97,8,216,75
97,9,220,87
97,10,220,87
97,11,202,106
97,12,207,106
97,14,208,156
97,16,216,206
97,18,218,218
97,20,219,217
97,22,218,213
97,23,208,200
97,24,210,202
97,25,213,257
97,26,217,258
97,27,206,309
97,28,210,328
97,29,201,318
97,30,205,340
97,31,218,325
97,32,224,339
98,0,225,82
98,1,225,75
98,2,224,75
98,3,224,75
98,4,224,75
98,5,224,75
98,6,223,75
98,7,219,75
98,8,219,75
98,9,223,87
98,10,223,87
98,11,203,105
98,12,211,106
98,14,213,156
98,16,222,206
98,18,223,218
98,20,224,218
98,22,223,214
98,23,209,200
98,24,213,201
98,25,213,257
98,26,217,259
98,27,210,315
98,28,211,327
98,29,206,325
98,30,207,340
98,31,222,326
98,32,226,338
99,0,228,82
99,1,227,75
99,2,227,75
99,3,226,75
99,4,227,75
99,5,227,75
99,6,226,75
99,7,221,75
99,8,222,75
99,9,226,87
99,10,225,87
99,11,205,104
99,12,214,106
99,14,216,156
99,16,226,206
99,18,227,218
99,20,228,218
99,22,227,214
99,23,210,199
99,24,217,200
99,25,214,256
99,26,221,257
99,27,211,317
99,28,214,324
99,29,208,327
99,30,210,336
99,31,226,326
99,32,229,336
100,0,230,82
100,1,230,75
100,2,229,75
100,3,229,74
100,4,230,75
100,5,229,75
100,6,229,75
100,7,224,74
100,8,224,75
100,9,228,87
100,10,228,87
100,11,209,105
100,12,217,105
100,14,217,153
100,16,228,203
100,18,230,216
100,20,231,216
100,22,229,211
100,23,214,197
100,24,220,198
100,25,216,256
100,26,225,256
100,27,213,322
100,28,224,320
100,29,209,331
100,30,220,331
100,31,223,332
100,32,237,334
101,0,233,82
101,1,232,75
101,2,232,75
101,3,231,74
101,4,232,75
101,5,232,75
101,6,231,74
101,7,227,74
101,8,227,75
101,9,231,87
101,10,231,87
101,11,212,105
101,12,220,106
101,14,222,154
101,16,234,200
101,18,237,212
101,20,237,212
101,22,235,208
101,23,216,199
101,24,221,199
101,25,220,257
101,26,225,257
101,27,212,326
101,28,227,320
101,29,208,337
101,30,224,331
101,31,225,334
101,32,241,331
102,0,236,82
102,1,235,75
102,2,234,75
102,3,234,74
102,4,235,75
102,5,234,75
102,6,234,74
102,7,229,75
102,8,230,75
102,9,234,87
102,10,234,87
102,11,214,105
102,12,223,106
102,14,226,154
102,16,241,198
102,18,243,209
102,20,244,208
102,22,242,204
102,23,218,201
102,24,224,199
102,25,219,258
102,26,231,256
102,27,211,327
102,28,242,318
102,29,208,337
102,30,239,330
102,31,222,336
102,32,254,325
103,0,239,82
103,1,238,75
103,2,237,75
103,3,237,74
103,4,238,75
103,5,237,75
103,6,237,75
103,7,232,75
103,8,232,75
103,9,237,87
103,10,237,87
103,11,218,105
103,12,225,106
103,14,228,155
103,16,244,198
103,18,247,209
103,20,248,208
103,22,246,204
103,23,221,201
103,24,225,200
103,25,225,258
103,26,227,261
103,27,230,327
103,28,223,322
103,29,227,339
103,30,225,336
103,31,243,335
103,32,247,330
104,0,242,82
104,1,241,75
104,2,240,75
104,3,239,74
104,4,241,75
104,5,240,75
104,6,240,75
104,7,235,75
104,8,235,75
104,9,239,87
104,10,239,87
104,11,220,106
104,12,228,107
104,14,232,157
104,16,248,199
104,18,251,208
104,20,251,208
104,22,250,204
104,23,222,205
104,24,228,204
104,25,223,262
104,26,236,261
104,27,216,328
104,28,248,317
104,29,213,338
104,30,247,329
104,31,231,337
104,32,259,323
105,0,244,83
105,1,243,75
105,2,242,75
105,3,242,75
105,4,243,75
105,5,242,75
105,6,242,75
105,7,237,75
105,8,238,75
105,9,241,88
105,10,241,88
105,11,222,106
105,12,231,107
105,13,216,152
105,14,235,157
105,16,251,198
105,18,253,206
105,20,254,205
105,22,253,202
105,23,223,204
105,24,230,203
105,25,222,263
105,26,238,261
105,27,214,327
105,28,250,315
105,29,209,337
105,30,249,328
105,31,225,338
105,32,263,324
106,0,246,83
106,1,245,75
106,2,245,75
106,3,244,75
106,4,245,75
106,5,245,75
106,6,245,75
106,7,240,75
106,8,241,75
106,9,244,88
106,10,244,88
106,11,224,106
106,12,234,107
106,13,220,152
106,14,238,157
106,16,253,198
106,18,255,206
106,20,256,205
106,22,255,202
106,23,225,203
106,24,233,203
106,25,226,260
106,26,240,261
106,27,214,325
106,28,250,315
106,29,209,333
106,30,247,328
106,31,223,338
106,32,261,325
107,0,249,82
107,1,248,75
107,2,247,75
107,3,247,74
107,4,248,75
107,5,248,75
107,6,247,74
107,7,243,75
107,8,244,75
107,9,247,87
107,10,247,87
107,11,227,106
107,12,237,106
107,13,224,152
107,14,239,156
107,16,256,196
107,18,258,205
107,20,259,204
107,22,258,200
107,23,227,202
107,24,235,203
107,25,226,260
107,26,244,260
107,27,213,324
107,28,252,315
107,29,208,330
107,30,250,328
107,31,223,338
107,32,262,324
108,0,252,81
108,1,251,74
108,2,250,74
108,3,250,73
108,4,251,74
108,5,251,74
108,6,251,74
108,7,246,74
108,8,247,74
108,9,250,86
108,10,250,86
108,11,230,104
108,12,240,105
108,14,242,155
108,16,257,194
108,18,259,204
108,20,260,203
108,22,259,200
108,23,231,200
108,24,237,202
108,25,243,258
108,26,238,260
108,27,250,319
108,28,218,316
108,29,247,330
108,30,213,325
108,31,263,328
108,32,226,336
109,0,254,80
109,1,253,73
109,2,253,72
109,3,252,72
109,4,253,73
109,5,253,72
109,6,253,72
109,7,248,72
109,8,249,73
109,9,252,85
109,10,252,85
109,11,233,103
109,12,243,104
109,14,244,153
109,16,257,193
109,18,258,203
109,20,260,202
109,22,259,199
109,23,235,199
109,24,240,201
109,25,246,257
109,26,241,260
109,27,251,315
109,28,219,316
109,29,248,327
109,30,213,323
109,31,262,325
109,32,225,339
110,0,256,78
110,1,255,71
110,2,255,71
110,3,254,71
110,4,255,71
110,5,255,71
110,6,255,71
110,7,250,72
110,8,251,72
110,9,255,83
110,10,255,83
110,11,236,103
110,12,245,103
110,14,244,152
110,16,257,193
110,18,259,203
110,20,260,202
110,22,258,199
110,23,240,195
110,24,245,197
110,25,250,254
110,26,247,259
110,27,251,313
110,28,223,313
110,29,248,325
110,30,216,317
110,31,264,325
110,32,228,338
111,0,259,77
111,1,258,71
111,2,258,70
111,3,257,70
111,4,258,71
111,5,258,71
111,6,257,70
111,7,253,71
111,8,253,71
111,9,257,83
111,10,257,83
111,11,239,102
111,12,246,102
111,14,246,149
111,16,255,194
111,18,258,203
111,20,259,202
111,22,258,199
111,23,244,194
111,24,247,196
111,25,253,254
111,26,252,258
111,27,251,312
111,28,226,313
111,29,249,324
111,30,219,315
111,31,265,326
111,32,232,337
112,0,262,78
112,1,261,71
112,2,260,71
112,3,260,70
112,4,261,71
112,5,260,71
112,6,260,71
112,7,255,71
112,8,255,72
112,9,259,83
112,10,259,83
112,11,242,102
112,12,248,103
112,14,247,150
112,16,256,192
112,18,259,204
112,20,259,202
112,22,258,199
112,23,246,194
112,24,249,196
112,25,255,253
112,26,257,257
112,27,249,311
112,28,234,313
112,29,246,320
112,30,226,316
112,31,265,326
112,32,238,337
113,0,264,78
113,1,263,71
113,2,263,71
113,3,262,71
113,4,263,71
113,5,262,71
113,6,262,71
113,7,258,71
113,8,258,72
113,9,261,83
113,10,261,83
113,11,244,102
113,12,250,103
113,14,248,147
113,16,256,192
113,18,258,204
113,20,258,202
113,22,257,199
113,23,248,193
113,24,252,194
113,25,257,252
113,26,264,257
113,27,249,306
113,28,243,313
113,29,244,313
113,30,235,316
113,31,262,325
113,32,248,336
114,0,266,79
114,1,266,73
114,2,265,72
114,3,265,72
114,4,265,73
114,5,265,72
114,6,264,72
114,7,260,71
114,8,260,72
114,9,263,84
114,10,263,84
114,11,246,102
114,12,251,102
114,14,247,147
114,16,257,192
114,18,258,204
114,20,259,202
114,22,258,199
114,23,251,193
114,24,254,193
114,25,256,251
114,26,268,256
114,27,251,307
114,28,249,314
114,29,246,314
114,30,244,318
114,31,263,326
114,32,259,336
115,0,268,80
115,1,268,73
115,2,267,73
115,3,267,72
115,4,268,73
115,5,267,73
115,6,266,72
115,7,263,71
115,8,262,72
115,9,265,84
115,10,265,84
115,11,249,101
115,12,253,101
115,14,248,146
115,16,255,192
115,18,257,204
115,20,258,203
115,22,257,199
115,23,254,191
115,24,256,191
115,25,259,251
115,26,268,254
115,27,253,308
115,28,254,314
115,29,249,316
115,30,250,319
115,31,265,326
115,32,266,336
116,0,270,80
116,1,270,74
116,2,269,73
116,3,269,73
116,4,270,74
116,5,269,73
116,6,269,73
116,7,265,72
116,8,264,72
116,9,267,84
116,10,267,84
116,11,251,101
116,12,255,101
116,14,250,146
116,16,255,192
116,18,256,204
116,20,258,203
116,22,257,199
116,23,256,192
116,24,259,192
116,25,257,251
116,26,276,253
116,27,254,308
116,28,259,313
116,29,250,320
116,30,254,319
116,31,268,326
116,32,274,336
117,0,272,80
117,1,272,74
117,2,272,73
117,3,271,73
117,4,272,74
117,5,271,73
117,6,271,73
117,7,267,72
117,8,267,72
117,9,270,84
117,10,270,84
117,11,254,101
117,12,257,102
117,14,255,146
117,16,258,192
117,18,260,204
117,20,261,203
117,22,260,199
117,23,258,194
117,24,262,193
117,25,257,252
117,26,280,253
117,27,254,310
117,28,270,313
117,29,249,322
117,30,264,321
117,31,268,330
117,32,285,336
118,0,275,80
118,1,275,73
118,2,274,73
118,3,274,73
118,4,274,74
118,5,274,73
118,6,274,73
118,7,269,72
118,8,270,72
118,9,272,84
118,10,272,84
118,11,254,100
118,12,261,102
118,14,257,146
118,16,261,192
118,18,261,204
118,20,263,203
118,22,262,199
118,23,258,194
118,24,265,193
118,25,258,252
118,26,282,251
118,27,253,312
118,28,278,316
118,29,249,323
118,30,272,328
118,31,265,328
118,32,294,334
119,0,277,80
119,1,277,73
119,2,277,73
119,3,276,72
119,4,277,73
119,5,277,73
119,6,276,73
119,7,272,72
119,8,272,72
119,9,275,84
119,10,275,84
119,11,255,100
119,12,265,102
119,14,264,149
119,16,268,193
119,18,269,204
119,20,269,203
119,22,268,200
119,23,261,196
119,24,268,194
119,25,259,252
119,26,285,252
119,27,253,316
119,28,288,318
119,29,249,326
119,30,284,330
119,31,265,327
119,32,304,332
120,0,280,80
120,1,279,73
120,2,279,73
120,3,279,72
120,4,279,73
120,5,279,73
120,6,279,73
120,7,275,72
120,8,275,73
120,9,277,85
120,10,277,85
120,11,258,100
120,12,268,102
120,14,264,150
120,16,267,196
120,18,267,208
120,20,268,208
120,22,268,204
120,23,263,197
120,24,270,195
120,25,259,254
120,26,286,252
120,27,252,317
120,28,296,319
120,29,249,327
120,30,294,331
120,31,264,327
120,32,313,330
121,0,283,81
121,1,282,74
121,2,282,74
121,3,282,73
121,4,282,74
121,5,282,74
121,6,282,73
121,7,278,72
121,8,278,73
121,9,280,85
121,10,280,85
121,11,261,100
121,12,270,102
121,14,266,151
121,16,269,196
121,18,266,210
121,20,268,211
121,22,268,207
121,23,267,198
121,24,273,196
121,25,260,255
121,26,288,254
121,27,253,317
121,28,302,319
121,29,249,326
121,30,300,331
121,31,263,326
121,32,319,329
122,0,285,82
122,1,285,75
122,2,285,75
122,3,284,74
122,4,285,75
122,5,285,75
122,6,284,74
122,7,281,73
122,8,281,74
122,9,283,86
122,10,283,86
122,11,263,102
122,12,273,103
122,14,269,151
122,16,270,197
122,18,269,210
122,20,270,210
122,22,268,207
122,23,269,199
122,24,276,199
122,25,262,256
122,26,290,257
122,27,253,316
122,28,306,320
122,29,249,326
122,30,305,332
122,31,263,324
122,32,320,327
123,0,289,83
123,1,288,76
123,2,288,76
123,3,288,75
123,4,288,76
123,5,288,76
123,6,287,75
123,7,284,75
123,8,284,75
123,9,286,87
123,10,286,87
123,11,266,102
123,12,276,103
123,14,271,152
123,16,273,199
123,18,272,212
123,20,274,211
123,22,274,208
123,23,273,200
123,24,278,199
123,25,265,256
123,26,292,257
123,27,252,316
123,28,306,319
123,29,249,326
123,30,304,331
123,31,263,324
123,32,319,327
124,0,291,84
124,1,291,77
124,2,291,76
124,3,290,76
124,4,291,77
124,5,291,76
124,6,290,76
124,7,286,75
124,8,287,76
124,9,289,88
124,10,289,88
124,11,269,102
124,12,280,103
124,14,275,152
124,16,277,201
124,18,276,214
124,20,278,213
124,22,278,209
124,23,277,200
124,24,282,199
124,25,269,255
124,26,294,257
124,27,253,316
124,28,307,319
124,29,249,325
124,30,304,333
124,31,265,324
124,32,320,328
125,0,293,83
125,1,293,77
125,2,293,76
125,3,292,76
125,4,293,77
125,5,293,76
125,6,292,76
125,7,289,75
125,8,289,76
125,9,291,87
125,10,291,88
125,11,273,101
125,12,282,100
125,14,278,149
125,16,280,201
125,18,278,213
125,20,280,212
125,22,280,208
125,23,282,194
125,24,284,193
125,25,276,250
125,26,293,257
125,27,255,312
125,28,306,320
125,29,264,324
125,30,296,334
125,31,268,325
125,32,316,333
126,0,297,82
126,1,297,76
126,2,297,75
126,3,296,75
126,4,297,76
126,5,296,75
126,6,296,75
126,7,292,74
126,8,292,74
126,9,295,86
126,10,294,86
126,11,276,101
126,12,284,99
126,14,278,146
126,16,282,200
126,18,280,213
126,20,282,212
126,22,282,208
126,23,286,193
126,24,287,192
126,25,298,251
126,26,292,252
126,27,295,314
126,28,260,311
126,29,291,326
126,30,254,322
126,31,317,327
126,32,283,337
127,0,300,80
127,1,300,73
127,2,299,73
127,3,299,72
127,4,300,73
127,5,299,72
127,6,299,72
127,7,295,71
127,8,295,72
127,9,297,84
127,10,297,84
127,11,280,102
127,12,287,99
127,14,281,146
127,16,287,197
127,18,285,209
127,20,287,211
127,22,287,205
127,23,291,193
127,24,290,192
127,25,300,251
127,26,289,252
127,27,305,317
127,28,261,306
127,29,303,329
127,30,255,312
127,31,322,329
127,32,267,335
128,0,303,78
128,1,303,71
128,2,302,71
128,3,302,70
128,4,302,71
128,5,302,71
128,6,301,70
128,7,297,70
128,8,297,70
128,9,300,83
128,10,300,82
128,11,284,102
128,12,289,99
128,14,287,147
128,16,293,199
128,18,293,210
128,20,294,211
128,22,294,205
128,23,292,193
128,24,295,193
128,25,291,251
128,26,300,254
128,27,288,302
128,28,303,314
128,29,270,309
128,30,300,326
128,31,276,327
128,32,319,334
129,0,306,76
129,1,305,69
129,2,305,69
129,3,304,69
129,4,305,69
129,5,304,69
129,6,304,68
129,7,300,68
129,8,300,69
129,9,303,81
129,10,303,81
129,11,287,102
129,12,292,99
129,14,290,148
129,16,298,202
129,18,298,214
129,20,300,214
129,22,299,209
129,23,295,193
129,24,297,194
129,25,295,250
129,26,305,254
129,27,277,299
129,28,306,319
129,29,268,305
129,30,302,332
129,31,276,323
129,32,323,334
130,0,309,75
130,1,308,68
130,2,308,68
130,3,308,68
130,4,308,68
130,5,308,68
130,6,307,67
130,7,304,67
130,8,303,68
130,9,307,80
130,10,306,80
130,11,291,101
130,12,295,98
130,14,288,147
130,16,294,198
130,18,293,210
130,20,296,211
130,22,296,207
130,23,298,192
130,24,299,193
130,25,301,249
130,26,308,253
130,27,278,297
130,28,307,320
130,29,272,303
130,30,302,333
130,31,280,322
130,32,322,334
131,0,312,74
131,1,311,67
131,2,311,67
131,3,310,67
131,4,311,67
131,5,311,67
131,6,310,66
131,7,306,67
131,8,306,67
131,9,309,79
131,10,309,79
131,11,291,101
131,12,299,97
131,14,297,145
131,16,304,198
131,18,305,210
131,20,306,211
131,22,305,206
131,23,297,192
131,24,303,193
131,25,305,248
131,26,311,253
131,27,287,298
131,28,306,319
131,29,279,304
131,30,302,333
131,31,294,321
131,32,320,333
132,0,314,74
132,1,313,66
132,2,313,66
132,3,313,66
132,4,313,66
132,5,313,66
132,6,313,66
132,7,308,66
132,8,309,66
132,9,312,78
132,10,312,78
132,11,294,101
132,12,302,98
132,14,301,146
132,16,312,199
132,18,314,211
132,20,315,211
132,22,313,207
132,23,298,192
132,24,304,193
132,25,305,249
132,26,313,253
132,27,291,300
132,28,308,320
132,29,284,307
132,30,304,332
132,31,299,322
132,32,323,334
133,0,317,73
133,1,316,66
133,2,316,66
133,3,316,66
133,4,316,66
133,5,316,66
133,6,316,66
133,7,312,66
133,8,311,66
133,9,315,78
133,10,315,78
133,11,295,100
133,12,305,97
133,14,308,151
133,16,318,200
133,18,320,211
133,20,320,211
133,22,319,207
133,23,299,191
133,24,306,192
133,25,306,247
133,26,315,252
133,27,297,301
133,28,309,320
133,29,292,309
133,30,304,330
133,31,307,320
133,32,321,333
134,0,319,73
134,1,319,66
134,2,318,66
134,3,318,65
134,4,319,66
134,5,318,66
134,6,318,66
134,7,314,65
134,8,314,66
134,9,317,78
134,10,317,78
134,11,296,99
134,12,308,97
134,14,313,152
134,16,325,200
134,18,326,211
134,20,326,211
134,22,325,207
134,23,300,192
134,24,309,193
134,25,306,250
134,26,316,254
134,27,302,306
134,28,310,320
134,29,299,316
134,30,306,339
134,31,313,320
134,32,325,333
135,0,322,73
135,1,321,66
135,2,321,66
135,3,320,65
135,4,321,66
135,5,321,66
135,6,320,66
135,7,316,65
135,8,316,66
135,9,319,78
135,10,319,78
135,11,298,98
135,12,311,96
135,14,317,152
135,16,328,198
135,18,330,209
135,20,330,208
135,22,329,205
135,23,302,192
135,24,311,193
135,25,307,251
135,26,318,255
135,27,305,309
135,28,313,326
135,29,302,320
135,30,307,337
135,31,317,320
135,32,327,334
136,0,324,73
136,1,324,66
136,2,323,66
136,3,323,65
136,4,324,66
136,5,323,66
136,6,323,66
136,7,319,65
136,8,319,65
136,9,322,78
136,10,322,78
136,11,300,97
136,12,314,96
136,14,322,152
136,16,334,198
136,18,337,207
136,20,337,207
136,22,336,203
136,23,303,192
136,24,314,194
136,25,308,250
136,26,320,255
136,27,306,309
136,28,313,323
136,29,303,319
136,30,308,332
136,31,318,317
136,32,329,328
137,0,327,73
137,1,326,66
137,2,326,66
137,3,325,65
137,4,326,66
137,5,326,66
137,6,326,65
137,7,321,65
137,8,322,65
137,9,325,78
137,10,325,78
137,11,301,97
137,12,318,96
137,14,327,152
137,16,340,197
137,18,342,206
137,20,342,205
137,22,341,203
137,23,305,192
137,24,316,194
137,25,309,249
137,26,321,253
137,27,309,308
137,28,317,322
137,29,307,318
137,30,313,332
137,31,322,317
137,32,332,328
138,0,330,73
138,1,329,66
138,2,329,65
138,3,328,65
138,4,330,66
138,5,329,65
138,6,329,65
138,7,324,65
138,8,325,65
138,9,328,78
138,10,328,78
138,11,304,97
138,12,321,96
138,13,297,145
138,14,331,153
138,16,345,195
138,18,346,204
138,20,347,203
138,22,346,200
138,23,309,192
138,24,319,194
138,25,314,249
138,26,325,253
138,27,311,310
138,28,327,322
138,29,307,319
138,30,324,334
138,31,324,317
138,32,343,327
139,0,333,73
139,1,332,66
139,2,332,65
139,3,331,65
139,4,332,66
139,5,332,66
139,6,332,65
139,7,327,65
139,8,328,65
139,9,331,78
139,10,331,78
139,11,306,98
139,12,324,96
139,13,299,145
139,14,334,153
139,15,301,188
139,16,348,192
139,17,300,198
139,18,350,202
139,19,302,196
139,20,350,200
139,21,302,193
139,22,350,197
139,23,311,194
139,24,320,195
139,25,324,249
139,26,322,254
139,27,325,310
139,28,321,321
139,29,321,322
139,30,320,330
139,31,341,316
139,32,334,332
140,0,336,73
140,1,335,66
140,2,334,66
140,3,334,65
140,4,335,66
140,5,335,66
140,6,335,65
140,7,329,65
140,8,331,66
140,9,333,78
140,10,334,78
140,11,309,98
140,12,326,97
140,13,301,146
140,14,336,153
140,15,301,190
140,16,351,192
140,17,300,200
140,18,353,202
140,19,302,199
140,20,353,200
140,21,302,196
140,22,353,197
140,23,313,194
140,24,322,195
140,25,321,251
140,26,324,254
140,27,314,311
140,28,329,329
140,29,311,321
140,30,326,343
140,31,328,316
140,32,347,334
141,0,339,73
141,1,337,66
141,2,337,66
141,3,336,65
141,4,338,66
141,5,338,66
141,6,337,65
141,7,332,65
141,8,333,66
141,9,336,78
141,10,337,78
141,11,312,98
141,12,330,97
141,13,304,146
141,14,338,153
141,15,303,190
141,16,354,192
141,17,301,200
141,18,356,202
141,19,303,199
141,20,356,200
141,21,304,196
141,22,356,196
141,23,316,193
141,24,325,195
141,25,325,251
141,26,324,254
141,27,314,310
141,28,329,331
141,29,310,321
141,30,325,345
141,31,328,314
141,32,348,335
142,0,341,73
142,1,340,66
142,2,339,66
142,3,339,65
142,4,340,66
142,5,340,66
142,6,340,65
142,7,334,65
142,8,336,66
142,9,339,78
142,10,339,78
142,11,315,98
142,12,333,99
142,13,306,146
142,14,341,153
142,15,305,191
142,16,356,192
142,17,304,201
142,18,358,202
142,19,305,200
142,20,359,200
142,21,306,198
142,22,358,197
142,23,319,193
142,24,328,195
142,25,327,252
142,26,326,254
142,27,320,313
142,28,324,331
142,29,310,320
142,30,311,334
142,31,332,316
142,32,341,338
143,0,344,73
143,1,342,66
143,2,342,66
143,3,341,65
143,4,343,66
143,5,343,66
143,6,342,65
143,7,337,65
143,8,338,66
143,9,342,79
143,10,342,79
143,11,318,98
143,12,336,100
143,13,308,146
143,14,344,153
143,15,307,191
143,16,359,192
143,17,306,201
143,18,361,202
143,19,308,200
143,20,361,200
143,21,308,198
143,22,360,197
143,23,321,193
143,24,331,194
143,25,327,250
143,26,328,255
143,27,315,313
143,28,318,320
143,29,308,320
143,30,308,330
143,31,327,323
143,32,338,338
144,0,347,73
144,1,345,66
144,2,345,65
144,3,344,65
144,4,346,66
144,5,346,66
144,6,345,65
144,7,340,65
144,8,341,66
144,9,345,78
144,10,345,78
144,11,320,98
144,12,339,100
144,13,311,147
144,14,346,153
144,15,309,192
144,16,360,192
144,17,308,201
144,18,362,202
144,19,310,200
144,20,362,201
144,21,311,198
144,22,361,197
144,23,324,192
144,24,333,193
144,25,331,251
144,26,332,253
144,27,318,313
144,28,316,313
144,29,312,320
144,30,307,324
144,31,326,319
144,32,334,337
145,0,350,72
145,1,348,65
145,2,348,65
145,3,347,64
145,4,349,65
145,5,348,65
145,6,348,65
145,7,343,64
145,8,344,65
145,9,347,78
145,10,348,78
145,11,323,98
145,12,342,99
145,13,314,147
145,14,349,153
145,15,313,192
145,16,361,192
145,17,312,201
145,18,363,202
145,19,313,200
145,20,363,201
145,21,315,198
145,22,362,197
145,23,327,191
145,24,335,192
145,25,338,251
145,26,334,252
145,27,322,312
145,28,316,311
145,29,316,320
145,30,307,321
145,31,328,319
145,32,327,334
146,0,352,72
146,1,351,65
146,2,350,64
146,3,350,64
146,4,351,65
146,5,351,64
146,6,351,64
146,7,345,63
146,8,346,64
146,9,350,77
146,10,350,77
146,11,325,96
146,12,344,99
146,13,316,146
146,14,352,153
146,15,316,191
146,16,361,193
146,17,315,201
146,18,363,203
146,19,317,200
146,20,362,202
146,21,318,198
146,22,361,199
146,23,330,190
146,24,339,191
146,25,337,246
146,26,339,252
146,27,322,304
146,28,316,311
146,29,315,311
146,30,308,319
146,31,330,321
146,32,325,334
147,0,355,71
147,1,354,63
147,2,353,63
147,3,353,62
147,4,354,63
147,5,354,63
147,6,354,63
147,7,348,62
147,8,349,63
147,9,353,76
147,10,353,76
147,11,327,95
147,12,346,97
147,13,319,145
147,14,353,152
147,15,319,191
147,16,361,196
147,17,319,201
147,18,362,205
147,19,321,201
147,20,362,205
147,21,322,198
147,22,361,202
147,23,333,190
147,24,343,191
147,25,339,247
147,26,341,254
147,27,324,303
147,28,318,310
147,29,317,311
147,30,310,316
147,31,333,327
147,32,325,333
148,0,358,70
148,1,356,62
148,2,356,62
148,3,355,62
148,4,356,62
148,5,356,62
148,6,356,62
148,7,351,62
148,8,351,62
148,9,355,75
148,10,355,75
148,11,331,95
148,12,348,96
148,13,324,143
148,14,355,151
148,15,326,185
148,16,361,196
148,17,326,196
148,18,362,206
148,19,328,195
148,20,362,206
148,21,328,192
148,22,361,203
148,23,335,190
148,24,345,191
148,25,345,247
148,26,344,255
148,27,332,307
148,28,322,308
148,29,326,315
148,30,314,314
148,31,340,326
148,32,326,328
149,0,360,69
149,1,359,62
149,2,358,62
149,3,358,61
149,4,359,62
149,5,358,62
149,6,358,61
149,7,353,62
149,8,353,62
149,9,358,75
149,10,358,75
149,11,335,94
149,12,349,95
149,13,329,135
149,14,354,151
149,15,331,171
149,16,361,196
149,17,331,184
149,18,362,208
149,19,335,178
149,20,362,207
149,21,335,175
149,22,361,203
149,23,337,189
149,24,347,189
149,25,349,247
149,26,354,248
149,27,340,315
149,28,333,310
149,29,333,320
149,30,324,315
149,31,350,329
149,32,344,328
150,0,363,69
150,1,362,62
150,2,361,62
150,3,361,61
150,4,362,62
150,5,361,61
150,6,361,61
150,7,356,61
150,8,356,62
150,9,361,75
150,10,360,75
150,11,338,92
150,12,352,95
150,13,331,120
150,14,355,150
150,15,339,124
150,16,359,196
150,17,340,125
150,18,360,207
150,19,343,123
150,20,361,207
150,21,344,123
150,22,360,203
150,23,340,187
150,24,347,189
150,25,357,244
150,26,356,244
150,27,339,299
150,28,336,301
150,29,333,304
150,30,330,310
150,31,344,318
150,32,347,321
151,0,366,69
151,1,365,62
151,2,364,62
151,3,363,61
151,4,364,62
151,5,364,62
151,6,363,61
151,7,359,61
151,8,359,62
151,9,364,74
151,10,363,74
151,11,340,92
151,12,353,94
151,13,336,127
151,14,354,149
151,15,342,153
151,16,359,188
151,17,344,160
151,18,360,200
151,19,346,159
151,20,361,200
151,21,346,157
151,22,360,195
151,23,343,186
151,24,350,187
151,25,361,234
151,26,366,229
151,27,346,282
151,28,348,292
151,29,342,288
151,30,340,301
151,31,352,296
151,32,358,308
152,0,368,69
152,1,366,62
152,2,366,62
152,3,365,61
152,4,367,62
152,5,366,62
152,6,366,61
152,7,361,61
152,8,362,62
152,9,365,74
152,10,365,74
152,11,341,91
152,12,357,93
152,13,336,130
152,14,358,145
152,15,343,161
152,16,359,189
152,17,344,168
152,18,360,200
152,19,346,167
152,20,360,199
152,21,346,166
152,22,360,196
152,23,342,182
152,24,353,181
152,25,355,233
152,26,366,231
152,27,349,282
152,28,351,291
152,29,345,288
152,30,344,300
152,31,356,295
152,32,359,307
153,0,370,70
153,1,368,62
153,2,368,62
153,3,367,61
153,4,368,62
153,5,368,62
153,6,368,61
153,7,363,61
153,8,364,62
153,9,368,74
153,10,368,74
153,11,344,91
153,12,358,92
153,13,341,132
153,14,356,144
153,15,346,170
153,16,358,190
153,17,347,179
153,18,359,201
153,19,350,180
153,20,359,199
153,21,350,177
153,22,359,198
153,23,345,183
153,24,355,182
153,25,360,236
153,26,369,235
153,27,349,283
153,28,351,295
153,29,345,288
153,30,344,303
153,31,354,295
153,32,360,309
154,0,373,70
154,1,371,63
154,2,371,62
154,3,370,62
154,4,370,62
154,5,369,62
154,6,368,61
154,7,367,62
154,8,365,62
154,9,370,74
154,10,369,74
154,11,352,92
154,12,360,88
154,13,350,139
154,14,357,120
154,15,354,173
154,16,359,130
154,17,356,183
154,18,359,134
154,19,357,183
154,20,359,132
154,22,359,131
154,23,356,183
154,24,358,182
154,25,373,235
154,26,379,226
154,27,362,285
154,28,360,294
154,29,358,290
154,30,352,303
154,31,368,301
154,32,368,312
155,0,374,69
155,1,371,63
155,2,369,62
155,3,369,62
155,4,370,62
155,5,369,62
155,6,369,61
155,7,366,63
155,8,367,62
155,9,370,74
155,10,370,74
155,11,354,92
155,12,371,89
155,13,351,137
155,14,361,124
155,16,359,144
155,18,359,151
155,20,359,149
155,22,358,148
155,23,359,183
155,24,367,183
155,25,365,236
155,26,373,229
155,27,355,285
155,28,355,295
155,29,351,293
155,30,349,305
155,31,361,302
155,32,362,313
